-- World Cup Collated Schedule, Results
-- [bn:PRSN=1] James Cone []
-- 2010-06-20T20:32:43Z
-- http://www.bloomberg.com/news/2010-06-20/world-cup-collated-schedule-results.html

          
          
             The schedule and results for the
World Cup in South Africa. All kickoff times local -- click {IC2
<GO>} for time converter):  

 
GROUP STAGE
===========
JUNE 11
Group A   South Africa   1-1 Mexico      Johannesburg
Group A   Uruguay        0-0 France      Cape Town

JUNE 12
Group B   South Korea    2-0 Greece      Port Elizabeth
Group B   Argentina      1-0 Nigeria     Johannesburg
Group C   England        1-1 U.S.        Rustenburg

JUNE 13
Group C   Algeria        0-1 Slovenia    Polokwane
Group D   Serbia         0-1 Ghana       Pretoria
Group D   Germany        4-0 Australia   Durban

JUNE 14
Group E   Netherlands    2-0 Denmark     Johannesburg
Group E   Japan          1-0 Cameroon    Bloemfontein
Group F   Italy          1-1 Paraguay    Cape Town

JUNE 15
Group F   New Zealand    1-1 Slovakia    Rustenburg
Group G   Ivory Coast    0-0 Portugal    Port Elizabeth
Group G   Brazil         2-1 North Korea Johannesburg

JUNE 16
Group H   Honduras       0-1 Chile       Nelspruit
Group H   Spain          0-1 Switzerland Durban
Group A   South Africa   0-3 Uruguay     Pretoria

JUNE 17
Group B   Argentina      4-1 South Korea Johannesburg
Group B   Greece         2-1 Nigeria     Bloemfontein
Group A   France         0-2 Mexico      Polokwane

JUNE 18
Group D   Germany        0-1 Serbia      Port Elizabeth
Group C   Slovenia       2-2 U.S.        Johannesburg
Group C   England        0-0 Algeria     Cape Town

JUNE 19
Group E   Netherlands    1-0 Japan       Durban
Group D   Ghana          1-1 Australia   Rustenburg
Group E   Cameroon       1-2 Denmark     Pretoria

JUNE 20
Group F   Slovakia       0-2 Paraguay     Bloemfontein
Group F   Italy          1-1 New Zealand  Nelspruit
Group G   Brazil         3-1 Ivory Coast  Johannesburg

JUNE 21
Group G   Portugal vs North Korea   Cape Town      1:30 pm
Group H   Chile vs Switzerland      Port Elizabeth 4:00 pm
Group H   Spain vs Honduras         Johannesburg   8:30 pm

JUNE 22
Group A   Mexico vs Uruguay         Rustenburg     4:00 pm
Group A   France vs South Africa    Bloemfontein   4:00 pm
Group B   Nigeria vs South Korea    Durban         8:30 pm
Group B   Greece vs Argentina       Polokwane      8:30 pm

JUNE 23
Group C   Slovenia vs England       Port Elizabeth 4:00 pm
Group C   U.S. vs Algeria           Pretoria       4:00 pm
Group D   Ghana vs Germany          Johannesburg   8:30 pm
Group D   Australia vs Serbia       Nelspruit      8:30 pm

JUNE 24
Group F   Slovakia vs Italy         Johannesburg   4:00 pm
Group F   Paraguay vs New Zealand   Polokwane      4:00 pm
Group E   Denmark vs Japan          Rustenburg     8:30 pm
Group E   Cameroon vs Netherlands   Cape Town      8:30 pm

JUNE 25
Group G   Portugal vs Brazil         Durban        4:00 pm
Group G   North Korea vs Ivory Coast Nelspruit     4:00 pm
Group H   Chile vs Spain             Pretoria      8:30 pm
Group H   Switzerland vs Honduras    Bloemfontein  8:30 pm


ROUND OF 16
===========
JUNE 26
[49] Winner A vs Runner-up B       Port Elizabeth  4:00 pm
[50] Winner C vs Runner-up D       Rustenburg      8:30 pm

JUNE 27
[51] Winner D vs Runner-up C       Bloemfontein    4:00 pm
[52] Winner B vs Runner-up A       Johannesburg    8:30 pm

JUNE 28
[53] Winner E vs Runner-up F       Durban          4:00 pm
[54] Winner G vs Runner-up H       Johannesburg    8:30 pm

JUNE 29
[55] Winner F vs Runner-up E       Pretoria        4:00 pm
[56] Winner H vs Runner-up G       Cape Town       8:30 pm


QUARTERFINALS
=============
JULY 2
[57] Winner 53 vs Winner 54        Port Elizabeth  4:00 pm
[58] Winner 49 vs Winner 50        Johannesburg    8:30 pm

JULY 3
[59] Winner 52 vs Winner 51        Cape Town       4:00 pm
[60] Winner 55 vs Winner 56        Johannesburg    8:30 pm


SEMIFINALS
==========
JULY 6
[61] Winner 58 vs Winner 57        Cape Town       8:30 pm

JULY 7
[62] Winner 59 vs Winner 60        Durban          8:30 pm

THIRD-PLACE PLAYOFF
===================
JULY 10
[63] Loser 61 vs Loser 62          Port Elizabeth  8:30 pm


FINAL
=====
JULY 11
[64] Winner 61 vs Winner 62        Johannesburg    8:30 pm
 
 
-- James Cone  at the London Sports Desk +44-20-7673-2572 or at
 jcone@bloomberg.net .
  
          
          


  


        